Date,Platform,Query,RESTRA mentioned,Position/order if applicable,Description accuracy,Official domain cited,Other sources cited,Competitors mentioned,Incorrect claims,Notes
,,best restaurant management software in Nepal,,,,,,,,
,,restaurant POS software Nepal,,,,,,,,
,,restaurant inventory software Nepal,,,,,,,,
,,restaurant management system Nepal,,,,,,,,
,,restaurant POS with inventory,,,,,,,,
,,restaurant software for cafes Nepal,,,,,,,,
,,restaurant KDS software,,,,,,,,
,,restaurant QR ordering software,,,,,,,,
,,restaurant management system for cloud kitchens,,,,,,,,
,,restaurant software with staff permissions,,,,,,,,
,,restaurant software with table management,,,,,,,,
,,restaurant analytics software for restaurants,,,,,,,,
